name,landmass,zone,area,population,language,religion,URL
Afghanistan,Asia,NE,648,16,Others,Muslim,http://www.sciencekids.co.nz/images/pictures/flags680/Afghanistan.jpg
Albania,Europe,NE,29,3,Other Indo-European,Marxist,http://www.sciencekids.co.nz/images/pictures/flags680/Albania.jpg
Algeria,Africa,NE,2388,20,Arabic,Muslim,http://www.sciencekids.co.nz/images/pictures/flags680/Algeria.jpg
American-Samoa,Oceania,SW,0,0,English,Other Christian,https://upload.wikimedia.org/wikipedia/commons/thumb/8/87/Flag_of_American_Samoa.svg/1200px-Flag_of_American_Samoa.svg.png
Andorra,Europe,NE,0,0,Other Indo-European,Catholic,http://www.sciencekids.co.nz/images/pictures/flags680/Andorra.jpg
Angola,Africa,SE,1247,7,Others,Ethnic,http://www.sciencekids.co.nz/images/pictures/flags680/Angola.jpg
Anguilla,N.America,NW,0,0,English,Other Christian,https://upload.wikimedia.org/wikipedia/commons/b/b4/Flag_of_Anguilla.svg
Antigua-Barbuda,N.America,NW,0,0,English,Other Christian,http://flags.fmcdn.net/data/flags/w580/ag.png
Argentina,S.America,SW,2777,28,Spanish,Catholic,http://www.sciencekids.co.nz/images/pictures/flags680/Argentina.jpg
Argentine,S.America,SW,2777,28,Spanish,Catholic,https://upload.wikimedia.org/wikipedia/commons/thumb/1/1a/Flag_of_Argentina.svg/2000px-Flag_of_Argentina.svg.png
Australia,Oceania,SE,7690,15,English,Other Christian,http://www.sciencekids.co.nz/images/pictures/flags680/Australia.jpg
Austria,Europe,NE,84,8,German,Catholic,http://www.sciencekids.co.nz/images/pictures/flags680/Austria.jpg
Bahamas,N.America,NW,19,0,English,Other Christian,http://www.sciencekids.co.nz/images/pictures/flags680/Bahamas.jpg
Bahrain,Asia,NE,1,0,Arabic,Muslim,http://www.sciencekids.co.nz/images/pictures/flags680/Bahrain.jpg
Bangladesh,Asia,NE,143,90,Other Indo-European,Muslim,http://www.sciencekids.co.nz/images/pictures/flags680/Bangladesh.jpg
Barbados,N.America,NW,0,0,English,Other Christian,http://www.sciencekids.co.nz/images/pictures/flags680/Barbados.jpg
Belgium,Europe,NE,31,10,Other Indo-European,Catholic,http://www.sciencekids.co.nz/images/pictures/flags680/Belgium.jpg
Belize,N.America,NW,23,0,English,Other Christian,http://www.sciencekids.co.nz/images/pictures/flags680/Belize.jpg
Benin,Africa,NE,113,3,French,Ethnic,http://www.sciencekids.co.nz/images/pictures/flags680/Benin.jpg
Bermuda,N.America,NW,0,0,English,Other Christian,http://www.sciencekids.co.nz/images/pictures/flags680/Bermuda.jpg
Bhutan,Asia,NE,47,1,Others,Buddhist,http://www.sciencekids.co.nz/images/pictures/flags680/Bhutan.jpg
Bolivia,S.America,SW,1099,6,Spanish,Catholic,http://www.sciencekids.co.nz/images/pictures/flags680/Bolivia.jpg
Botswana,Africa,SE,600,1,Others,Ethnic,http://www.sciencekids.co.nz/images/pictures/flags680/Botswana.jpg
Brazil,S.America,SW,8512,119,Other Indo-European,Catholic,http://www.sciencekids.co.nz/images/pictures/flags680/Brazil.jpg
British-Virgin-Isles,N.America,NW,0,0,English,Other Christian,https://encrypted-tbn0.gstatic.com/images?q=tbn:ANd9GcR3keSpoqfjC-7MiwEgpKCJu6ruiT31zINg2m9bPZV_s3CelZ7w
Brunei,Asia,NE,6,0,Others,Muslim,http://www.sciencekids.co.nz/images/pictures/flags680/Brunei.jpg
Bulgaria,Europe,NE,111,9,Slavic,Marxist,http://www.sciencekids.co.nz/images/pictures/flags680/Bulgaria.jpg
Burkina,Africa,NW,274,7,French,Ethnic,https://vignette.wikia.nocookie.net/future/images/a/ad/Flag_of_Burkina_Faso.svg.png/revision/latest?cb=20160726004644
Burma,Asia,NE,678,35,Others,Buddhist,http://flaglane.com/download/burmese-flag/burmese-flag-graphic.png
Burundi,Africa,SE,28,4,Others,Ethnic,http://www.sciencekids.co.nz/images/pictures/flags680/Burundi.jpg
Cameroon,Africa,NE,474,8,French,Other Christian,http://www.sciencekids.co.nz/images/pictures/flags680/Cameroon.jpg
Canada,N.America,NW,9976,24,English,Other Christian,http://www.sciencekids.co.nz/images/pictures/flags680/Canada.jpg
Cape-Verde-Islands,Africa,NW,4,0,Other Indo-European,Catholic,https://upload.wikimedia.org/wikipedia/commons/thumb/a/ae/Flag_of_Cape_Verde_%282-3_ratio%29.svg/1200px-Flag_of_Cape_Verde_%282-3_ratio%29.svg.png
Cayman-Islands,N.America,NW,0,0,English,Other Christian,https://cdn.britannica.com/92/81992-004-6C3E22BF.jpg
Central-African-Republic,Africa,NE,623,2,Others,Ethnic,https://upload.wikimedia.org/wikipedia/commons/thumb/6/6f/Flag_of_the_Central_African_Republic.svg/255px-Flag_of_the_Central_African_Republic.svg.png
Chad,Africa,NE,1284,4,French,Ethnic,http://www.sciencekids.co.nz/images/pictures/flags680/Chad.jpg
Chile,S.America,SW,757,11,Spanish,Catholic,http://www.sciencekids.co.nz/images/pictures/flags680/Chile.jpg
China,Asia,NE,9561,1008,Chinese,Marxist,http://www.sciencekids.co.nz/images/pictures/flags680/China.jpg
Colombia,S.America,NW,1139,28,Spanish,Catholic,http://www.sciencekids.co.nz/images/pictures/flags680/Colombia.jpg
Comorro-Islands,Africa,SE,2,0,French,Muslim,https://upload.wikimedia.org/wikipedia/commons/thumb/9/94/Flag_of_the_Comoros.svg/255px-Flag_of_the_Comoros.svg.png
Congo,Africa,SE,342,2,Others,Ethnic,https://upload.wikimedia.org/wikipedia/commons/thumb/9/92/Flag_of_the_Republic_of_the_Congo.svg/2000px-Flag_of_the_Republic_of_the_Congo.svg.png
Cook-Islands,Oceania,SW,0,0,English,Other Christian,https://upload.wikimedia.org/wikipedia/commons/thumb/3/35/Flag_of_the_Cook_Islands.svg/255px-Flag_of_the_Cook_Islands.svg.png
Costa-Rica,N.America,NW,51,2,Spanish,Catholic,https://upload.wikimedia.org/wikipedia/commons/thumb/b/bc/Flag_of_Costa_Rica_%28state%29.svg/255px-Flag_of_Costa_Rica_%28state%29.svg.png
Cuba,N.America,NW,115,10,Spanish,Marxist,http://www.sciencekids.co.nz/images/pictures/flags680/Cuba.jpg
Cyprus,Europe,NE,9,1,Other Indo-European,Other Christian,http://www.sciencekids.co.nz/images/pictures/flags680/Cyprus.jpg
Czechoslovakia,Europe,NE,128,15,Slavic,Marxist,https://orig00.deviantart.net/9a78/f/2016/061/4/0/flag_socialist_republic_of_czechoslovakia__old__by_redrich1917-d6v1x7m.jpg
Denmark,Europe,NE,43,5,Other Indo-European,Other Christian,http://www.sciencekids.co.nz/images/pictures/flags680/Denmark.jpg
Djibouti,Africa,NE,22,0,French,Muslim,http://www.sciencekids.co.nz/images/pictures/flags680/Djibouti.jpg
Dominica,N.America,NW,0,0,English,Other Christian,http://www.sciencekids.co.nz/images/pictures/flags680/Dominica.jpg
Dominican-Republic,N.America,NW,49,6,Spanish,Catholic,http://www.flags.net/images/largeflags/DORE0001.GIF
Ecuador,S.America,SW,284,8,Spanish,Catholic,http://www.sciencekids.co.nz/images/pictures/flags680/Ecuador.jpg
Egypt,Africa,NE,1001,47,Arabic,Muslim,http://www.sciencekids.co.nz/images/pictures/flags680/Egypt.jpg
El-Salvador,N.America,NW,21,5,Spanish,Catholic,https://upload.wikimedia.org/wikipedia/commons/thumb/3/34/Flag_of_El_Salvador.svg/2000px-Flag_of_El_Salvador.svg.png
Equatorial-Guinea,Africa,NE,28,0,Others,Ethnic,https://upload.wikimedia.org/wikipedia/commons/thumb/3/31/Flag_of_Equatorial_Guinea.svg/2000px-Flag_of_Equatorial_Guinea.svg.png
Ethiopia,Africa,NE,1222,31,Others,Other Christian,http://www.sciencekids.co.nz/images/pictures/flags680/Ethiopia.jpg
Faeroes,Europe,NW,1,0,Other Indo-European,Other Christian,https://upload.wikimedia.org/wikipedia/commons/thumb/3/3c/Flag_of_the_Faroe_Islands.svg/234px-Flag_of_the_Faroe_Islands.svg.png
Falklands-Malvinas,S.America,SW,12,0,English,Other Christian,https://upload.wikimedia.org/wikipedia/commons/thumb/8/83/Flag_of_the_Falkland_Islands.svg/2000px-Flag_of_the_Falkland_Islands.svg.png
Fiji,Oceania,SE,18,1,English,Other Christian,http://www.sciencekids.co.nz/images/pictures/flags680/Fiji.jpg
Finland,Europe,NE,337,5,Japanese/Turkish/Finnish/Magyar,Other Christian,http://www.sciencekids.co.nz/images/pictures/flags680/Finland.jpg
France,Europe,NE,547,54,French,Catholic,http://www.sciencekids.co.nz/images/pictures/flags680/France.jpg
French-Guiana,S.America,NW,91,0,French,Catholic,https://upload.wikimedia.org/wikipedia/commons/thumb/2/29/Flag_of_French_Guiana.svg/2000px-Flag_of_French_Guiana.svg.png
French-Polynesia,Oceania,SW,4,0,French,Catholic,https://upload.wikimedia.org/wikipedia/commons/thumb/d/db/Flag_of_French_Polynesia.svg/250px-Flag_of_French_Polynesia.svg.png
Gabon,Africa,SE,268,1,Others,Ethnic,http://www.sciencekids.co.nz/images/pictures/flags680/Gabon.jpg
Gambia,Africa,NW,10,1,English,Ethnic,https://upload.wikimedia.org/wikipedia/commons/thumb/7/77/Flag_of_The_Gambia.svg/1280px-Flag_of_The_Gambia.svg.png
Germany-DDR,Europe,NE,108,17,German,Marxist,https://upload.wikimedia.org/wikipedia/commons/thumb/f/f6/Flag_of_German_Democratic_Republic.svg/1200px-Flag_of_German_Democratic_Republic.svg.png
Germany-FRG,Europe,NE,249,61,German,Other Christian,http://www.loeser.us/flags/images/wwi/german_state.gif
Ghana,Africa,NW,239,14,English,Ethnic,http://www.sciencekids.co.nz/images/pictures/flags680/Ghana.jpg
Gibraltar,Europe,NW,0,0,English,Other Christian,https://upload.wikimedia.org/wikipedia/commons/thumb/0/02/Flag_of_Gibraltar.svg/255px-Flag_of_Gibraltar.svg.png
Greece,Europe,NE,132,10,Other Indo-European,Other Christian,http://www.sciencekids.co.nz/images/pictures/flags680/Greece.jpg
Greenland,N.America,NW,2176,0,Other Indo-European,Other Christian,http://www.sciencekids.co.nz/images/pictures/flags680/Greenland.jpg
Grenada,N.America,NW,0,0,English,Other Christian,http://www.sciencekids.co.nz/images/pictures/flags680/Grenada.jpg
Guam,Oceania,NE,0,0,English,Other Christian,http://www.sciencekids.co.nz/images/pictures/flags680/Guam.jpg
Guatemala,N.America,NW,109,8,Spanish,Catholic,http://www.sciencekids.co.nz/images/pictures/flags680/Guatemala.jpg
Guinea,Africa,NW,246,6,French,Muslim,http://www.sciencekids.co.nz/images/pictures/flags680/Guinea.jpg
Guinea-Bissau,Africa,NW,36,1,Other Indo-European,Ethnic,http://www.sciencekids.co.nz/images/pictures/flags680/Guinea-Bissau.jpg
Guyana,S.America,NW,215,1,English,Hindu,http://www.sciencekids.co.nz/images/pictures/flags680/Guyana.jpg
Haiti,N.America,NW,28,6,French,Catholic,http://www.sciencekids.co.nz/images/pictures/flags680/Haiti.jpg
Honduras,N.America,NW,112,4,Spanish,Catholic,http://www.sciencekids.co.nz/images/pictures/flags680/Honduras.jpg
Hong-Kong,Asia,NE,1,5,Chinese,Buddhist,https://upload.wikimedia.org/wikipedia/commons/thumb/5/5b/Flag_of_Hong_Kong.svg/2000px-Flag_of_Hong_Kong.svg.png
Hungary,Europe,NE,93,11,Japanese/Turkish/Finnish/Magyar,Marxist,http://www.sciencekids.co.nz/images/pictures/flags680/Hungary.jpg
Iceland,Europe,NW,103,0,Other Indo-European,Other Christian,http://www.sciencekids.co.nz/images/pictures/flags680/Iceland.jpg
India,Asia,NE,3268,684,Other Indo-European,Hindu,http://www.sciencekids.co.nz/images/pictures/flags680/India.jpg
Indonesia,Oceania,SE,1904,157,Others,Muslim,http://www.sciencekids.co.nz/images/pictures/flags680/Indonesia.jpg
Iran,Asia,NE,1648,39,Other Indo-European,Muslim,http://www.sciencekids.co.nz/images/pictures/flags680/Iran.jpg
Iraq,Asia,NE,435,14,Arabic,Muslim,http://www.sciencekids.co.nz/images/pictures/flags680/Iraq.jpg
Ireland,Europe,NW,70,3,English,Catholic,http://www.sciencekids.co.nz/images/pictures/flags680/Ireland.jpg
Israel,Asia,NE,21,4,Others,Others,http://www.sciencekids.co.nz/images/pictures/flags680/Israel.jpg
Italy,Europe,NE,301,57,Other Indo-European,Catholic,http://www.sciencekids.co.nz/images/pictures/flags680/Italy.jpg
Ivory-Coast,Africa,NW,323,7,French,Ethnic,https://www.worldatlas.com/webimage/flags/countrys/zzzflags/cilarge.gif
Jamaica,N.America,NW,11,2,English,Other Christian,http://www.sciencekids.co.nz/images/pictures/flags680/Jamaica.jpg
Japan,Asia,NE,372,118,Japanese/Turkish/Finnish/Magyar,Others,http://www.sciencekids.co.nz/images/pictures/flags680/Japan.jpg
Jordan,Asia,NE,98,2,Arabic,Muslim,http://www.sciencekids.co.nz/images/pictures/flags680/Jordan.jpg
Kampuchea,Asia,NE,181,6,Others,Buddhist,https://upload.wikimedia.org/wikipedia/commons/thumb/a/a9/Flag_of_Democratic_Kampuchea.svg/2000px-Flag_of_Democratic_Kampuchea.svg.png
Kenya,Africa,NE,583,17,Others,Ethnic,http://www.sciencekids.co.nz/images/pictures/flags680/Kenya.jpg
Kiribati,Oceania,NE,0,0,English,Other Christian,http://www.sciencekids.co.nz/images/pictures/flags680/Kiribati.jpg
Kuwait,Asia,NE,18,2,Arabic,Muslim,http://www.sciencekids.co.nz/images/pictures/flags680/Kuwait.jpg
Laos,Asia,NE,236,3,Others,Marxist,http://www.sciencekids.co.nz/images/pictures/flags680/Laos.jpg
Lebanon,Asia,NE,10,3,Arabic,Muslim,http://www.sciencekids.co.nz/images/pictures/flags680/Lebanon.jpg
Lesotho,Africa,SE,30,1,Others,Ethnic,http://www.sciencekids.co.nz/images/pictures/flags680/Lesotho.jpg
Liberia,Africa,NW,111,1,Others,Ethnic,http://www.sciencekids.co.nz/images/pictures/flags680/Liberia.jpg
Libya,Africa,NE,1760,3,Arabic,Muslim,http://www.sciencekids.co.nz/images/pictures/flags680/Libya.jpg
Liechtenstein,Europe,NE,0,0,German,Catholic,http://www.sciencekids.co.nz/images/pictures/flags680/Liechtenstein.jpg
Luxembourg,Europe,NE,3,0,German,Catholic,http://www.sciencekids.co.nz/images/pictures/flags680/Luxembourg.jpg
Malagasy,Africa,SE,587,9,Others,Other Christian,https://upload.wikimedia.org/wikipedia/commons/thumb/b/bc/Flag_of_Madagascar.svg/255px-Flag_of_Madagascar.svg.png
Malawi,Africa,SE,118,6,Others,Ethnic,http://www.sciencekids.co.nz/images/pictures/flags680/Malawi.jpg
Malaysia,Asia,NE,333,13,Others,Muslim,http://www.sciencekids.co.nz/images/pictures/flags680/Malaysia.jpg
Maldive-Islands,Asia,NE,0,0,Others,Muslim,https://www.worldatlas.com/webimage/flags/countrys/zzzflags/mvlarge.gif
Mali,Africa,NW,1240,7,French,Muslim,http://www.sciencekids.co.nz/images/pictures/flags680/Mali.jpg
Malta,Europe,NE,0,0,Others,Catholic,http://www.sciencekids.co.nz/images/pictures/flags680/Malta.jpg
Marianas,Oceania,NE,0,0,Others,Other Christian,https://upload.wikimedia.org/wikipedia/commons/thumb/e/e0/Flag_of_the_Northern_Mariana_Islands.svg/2000px-Flag_of_the_Northern_Mariana_Islands.svg.png
Mauritania,Africa,NW,1031,2,Arabic,Muslim,http://www.sciencekids.co.nz/images/pictures/flags680/Mauritania.jpg
Mauritius,Africa,SE,2,1,English,Hindu,http://www.sciencekids.co.nz/images/pictures/flags680/Mauritius.jpg
Mexico,N.America,NW,1973,77,Spanish,Catholic,http://www.sciencekids.co.nz/images/pictures/flags680/Mexico.jpg
Micronesia,Oceania,NE,1,0,Others,Other Christian,https://upload.wikimedia.org/wikipedia/commons/thumb/e/e4/Flag_of_the_Federated_States_of_Micronesia.svg/2000px-Flag_of_the_Federated_States_of_Micronesia.svg.png
Monaco,Europe,NE,0,0,French,Catholic,http://www.sciencekids.co.nz/images/pictures/flags680/Monaco.jpg
Mongolia,Asia,NE,1566,2,Others,Marxist,http://www.sciencekids.co.nz/images/pictures/flags680/Mongolia.jpg
Montserrat,N.America,NW,0,0,English,Other Christian,https://www.worldatlas.com/r/w480/img/flag/ms-flag.jpg
Morocco,Africa,NW,447,20,Arabic,Muslim,http://www.sciencekids.co.nz/images/pictures/flags680/Morocco.jpg
Mozambique,Africa,SE,783,12,Others,Ethnic,http://www.sciencekids.co.nz/images/pictures/flags680/Mozambique.jpg
Nauru,Oceania,SE,0,0,Others,Other Christian,http://www.sciencekids.co.nz/images/pictures/flags680/Nauru.jpg
Nepal,Asia,NE,140,16,Others,Hindu,http://www.sciencekids.co.nz/images/pictures/flags680/Nepal.jpg
Netherlands,Europe,NE,41,14,Other Indo-European,Other Christian,http://www.sciencekids.co.nz/images/pictures/flags680/Netherlands.jpg
Netherlands-Antilles,N.America,NW,0,0,Other Indo-European,Other Christian,https://upload.wikimedia.org/wikipedia/commons/thumb/e/eb/Flag_of_the_Netherlands_Antilles_%281959%E2%80%931986%29.svg/1200px-Flag_of_the_Netherlands_Antilles_%281959%E2%80%931986%29.svg.png
New-Zealand,Oceania,SE,268,2,English,Other Christian,https://upload.wikimedia.org/wikipedia/commons/thumb/3/3e/Flag_of_New_Zealand.svg/2000px-Flag_of_New_Zealand.svg.png
Nicaragua,N.America,NW,128,3,Spanish,Catholic,http://www.sciencekids.co.nz/images/pictures/flags680/Nicaragua.jpg
Niger,Africa,NE,1267,5,French,Muslim,http://www.sciencekids.co.nz/images/pictures/flags680/Niger.jpg
Nigeria,Africa,NE,925,56,Others,Muslim,http://www.sciencekids.co.nz/images/pictures/flags680/Nigeria.jpg
Niue,Oceania,SW,0,0,English,Other Christian,https://www.worldatlas.com/webimage/flags/countrys/zzzflags/nularge.gif
North-Korea,Asia,NE,121,18,Others,Marxist,https://upload.wikimedia.org/wikipedia/commons/5/56/Flag_of_the_Republic_of_North_Korea_%28Proposal%29.png
North-Yemen,Asia,NE,195,9,Arabic,Muslim,https://upload.wikimedia.org/wikipedia/commons/thumb/f/f6/Flag_of_North_Yemen.svg/1200px-Flag_of_North_Yemen.svg.png
Norway,Europe,NE,324,4,Other Indo-European,Other Christian,http://www.sciencekids.co.nz/images/pictures/flags680/Norway.jpg
Oman,Asia,NE,212,1,Arabic,Muslim,http://www.sciencekids.co.nz/images/pictures/flags680/Oman.jpg
Pakistan,Asia,NE,804,84,Other Indo-European,Muslim,http://www.sciencekids.co.nz/images/pictures/flags680/Pakistan.jpg
Panama,S.America,NW,76,2,Spanish,Catholic,http://www.sciencekids.co.nz/images/pictures/flags680/Panama.jpg
Papua-New-Guinea,Oceania,SE,463,3,English,Ethnic,https://upload.wikimedia.org/wikipedia/commons/thumb/e/e3/Flag_of_Papua_New_Guinea.svg/2000px-Flag_of_Papua_New_Guinea.svg.png
Parguay,S.America,SW,407,3,Spanish,Catholic,https://upload.wikimedia.org/wikipedia/commons/thumb/2/27/Flag_of_Paraguay.svg/255px-Flag_of_Paraguay.svg.png
Peru,S.America,SW,1285,14,Spanish,Catholic,http://www.sciencekids.co.nz/images/pictures/flags680/Peru.jpg
Philippines,Oceania,NE,300,48,Others,Catholic,http://www.sciencekids.co.nz/images/pictures/flags680/Philippines.jpg
Poland,Europe,NE,313,36,Slavic,Marxist,http://www.sciencekids.co.nz/images/pictures/flags680/Poland.jpg
Portugal,Europe,NW,92,10,Other Indo-European,Catholic,http://www.sciencekids.co.nz/images/pictures/flags680/Portugal.jpg
Puerto-Rico,N.America,NW,9,3,Spanish,Catholic,https://upload.wikimedia.org/wikipedia/commons/thumb/2/28/Flag_of_Puerto_Rico.svg/255px-Flag_of_Puerto_Rico.svg.png
Qatar,Asia,NE,11,0,Arabic,Muslim,http://www.sciencekids.co.nz/images/pictures/flags680/Qatar.jpg
Romania,Europe,NE,237,22,Other Indo-European,Marxist,http://www.sciencekids.co.nz/images/pictures/flags680/Romania.jpg
Rwanda,Africa,SE,26,5,Others,Ethnic,http://www.sciencekids.co.nz/images/pictures/flags680/Rwanda.jpg
San-Marino,Europe,NE,0,0,Other Indo-European,Catholic,https://upload.wikimedia.org/wikipedia/commons/thumb/b/b1/Flag_of_San_Marino.svg/227px-Flag_of_San_Marino.svg.png
Sao-Tome,Africa,NE,0,0,Other Indo-European,Catholic,https://upload.wikimedia.org/wikipedia/commons/4/4f/Flag_of_Sao_Tome_and_Principe.svg
Saudi-Arabia,Asia,NE,2150,9,Arabic,Muslim,https://upload.wikimedia.org/wikipedia/commons/thumb/0/0d/Flag_of_Saudi_Arabia.svg/2000px-Flag_of_Saudi_Arabia.svg.png
Senegal,Africa,NW,196,6,French,Muslim,http://www.sciencekids.co.nz/images/pictures/flags680/Senegal.jpg
Seychelles,Africa,SE,0,0,English,Other Christian,http://www.sciencekids.co.nz/images/pictures/flags680/Seychelles.jpg
Sierra-Leone,Africa,NW,72,3,English,Ethnic,https://upload.wikimedia.org/wikipedia/commons/thumb/1/17/Flag_of_Sierra_Leone.svg/1280px-Flag_of_Sierra_Leone.svg.png
Singapore,Asia,NE,1,3,Chinese,Buddhist,http://www.sciencekids.co.nz/images/pictures/flags680/Singapore.jpg
Soloman-Islands,Oceania,SE,30,0,English,Other Christian,https://upload.wikimedia.org/wikipedia/commons/thumb/7/74/Flag_of_the_Solomon_Islands.svg/1280px-Flag_of_the_Solomon_Islands.svg.png
Somalia,Africa,NE,637,5,Others,Muslim,http://www.sciencekids.co.nz/images/pictures/flags680/Somalia.jpg
South-Africa,Africa,SE,1221,29,Other Indo-European,Other Christian,https://upload.wikimedia.org/wikipedia/commons/thumb/a/af/Flag_of_South_Africa.svg/2000px-Flag_of_South_Africa.svg.png
South-Korea,Asia,NE,99,39,Others,Others,https://upload.wikimedia.org/wikipedia/commons/7/76/Flag_of_South_Korea_%281997%E2%80%932011%29.svg
South-Yemen,Asia,NE,288,2,Arabic,Muslim,https://upload.wikimedia.org/wikipedia/commons/thumb/d/db/Flag_of_South_Yemen.svg/2000px-Flag_of_South_Yemen.svg.png
Spain,Europe,NW,505,38,Spanish,Catholic,http://www.sciencekids.co.nz/images/pictures/flags680/Spain.jpg
Sri-Lanka,Asia,NE,66,15,Others,Buddhist,https://www.theflagshop.co.uk/media/catalog/product/cache/1/thumbnail/9df78eab33525d08d6e5fb8d27136e95/s/r/sri-lanka-flag-211-p_1.png
St-Helena,Africa,SW,0,0,English,Other Christian,https://upload.wikimedia.org/wikipedia/commons/thumb/0/00/Flag_of_Saint_Helena.svg/255px-Flag_of_Saint_Helena.svg.png
St-Kitts-Nevis,N.America,NW,0,0,English,Other Christian,https://upload.wikimedia.org/wikipedia/commons/thumb/f/fe/Flag_of_Saint_Kitts_and_Nevis.svg/1280px-Flag_of_Saint_Kitts_and_Nevis.svg.png
St-Lucia,N.America,NW,0,0,English,Other Christian,https://upload.wikimedia.org/wikipedia/commons/thumb/9/9f/Flag_of_Saint_Lucia.svg/1280px-Flag_of_Saint_Lucia.svg.png
St-Vincent,N.America,NW,0,0,English,Other Christian,https://upload.wikimedia.org/wikipedia/commons/thumb/6/6d/Flag_of_Saint_Vincent_and_the_Grenadines.svg/1200px-Flag_of_Saint_Vincent_and_the_Grenadines.svg.png
Sudan,Africa,NE,2506,20,Arabic,Muslim,http://www.sciencekids.co.nz/images/pictures/flags680/Sudan.jpg
Surinam,S.America,NW,63,0,Other Indo-European,Other Christian,https://upload.wikimedia.org/wikipedia/commons/thumb/6/60/Flag_of_Suriname.svg/255px-Flag_of_Suriname.svg.png
Swaziland,Africa,SE,17,1,Others,Other Christian,http://www.sciencekids.co.nz/images/pictures/flags680/Swaziland.jpg
Sweden,Europe,NE,450,8,Other Indo-European,Other Christian,http://www.sciencekids.co.nz/images/pictures/flags680/Sweden.jpg
Switzerland,Europe,NE,41,6,German,Other Christian,http://www.sciencekids.co.nz/images/pictures/flags680/Switzerland.jpg
Syria,Asia,NE,185,10,Arabic,Muslim,http://www.sciencekids.co.nz/images/pictures/flags680/Syria.jpg
Taiwan,Asia,NE,36,18,Chinese,Buddhist,http://www.sciencekids.co.nz/images/pictures/flags680/Taiwan.jpg
Tanzania,Africa,SE,945,18,Others,Ethnic,http://www.sciencekids.co.nz/images/pictures/flags680/Tanzania.jpg
Thailand,Asia,NE,514,49,Others,Buddhist,http://www.sciencekids.co.nz/images/pictures/flags680/Thailand.jpg
Togo,Africa,NE,57,2,French,Others,http://www.sciencekids.co.nz/images/pictures/flags680/Togo.jpg
Tonga,Oceania,SE,1,0,Others,Other Christian,http://www.sciencekids.co.nz/images/pictures/flags680/Tonga.jpg
Trinidad-Tobago,S.America,NW,5,1,English,Other Christian,https://upload.wikimedia.org/wikipedia/commons/thumb/6/64/Flag_of_Trinidad_and_Tobago.svg/2000px-Flag_of_Trinidad_and_Tobago.svg.png
Tunisia,Africa,NE,164,7,Arabic,Muslim,http://www.sciencekids.co.nz/images/pictures/flags680/Tunisia.jpg
Turkey,Asia,NE,781,45,Japanese/Turkish/Finnish/Magyar,Muslim,http://www.sciencekids.co.nz/images/pictures/flags680/Turkey.jpg
Turks-Cocos-Islands,N.America,NW,0,0,English,Other Christian,https://upload.wikimedia.org/wikipedia/commons/thumb/a/a0/Flag_of_the_Turks_and_Caicos_Islands.svg/1200px-Flag_of_the_Turks_and_Caicos_Islands.svg.png
Tuvalu,Oceania,SE,0,0,English,Other Christian,http://www.sciencekids.co.nz/images/pictures/flags680/Tuvalu.jpg
UAE,Asia,NE,84,1,Arabic,Muslim,https://upload.wikimedia.org/wikipedia/commons/thumb/c/cb/Flag_of_the_United_Arab_Emirates.svg/255px-Flag_of_the_United_Arab_Emirates.svg.png
Uganda,Africa,NE,236,13,Others,Ethnic,http://www.sciencekids.co.nz/images/pictures/flags680/Uganda.jpg
UK,Europe,NW,245,56,English,Other Christian,https://upload.wikimedia.org/wikipedia/en/thumb/a/ae/Flag_of_the_United_Kingdom.svg/1280px-Flag_of_the_United_Kingdom.svg.png
Uruguay,S.America,SW,178,3,Spanish,Catholic,http://www.sciencekids.co.nz/images/pictures/flags680/Uruguay.jpg
US-Virgin-Isles,N.America,NW,0,0,English,Other Christian,https://upload.wikimedia.org/wikipedia/commons/thumb/f/f8/Flag_of_the_United_States_Virgin_Islands.svg/220px-Flag_of_the_United_States_Virgin_Islands.svg.png
USA,N.America,NW,9363,231,English,Other Christian,https://upload.wikimedia.org/wikipedia/en/thumb/a/a4/Flag_of_the_United_States.svg/1280px-Flag_of_the_United_States.svg.png
USSR,Asia,NE,22402,274,Slavic,Marxist,https://vignette.wikia.nocookie.net/jamesbond/images/6/6d/Flag-Big-USSR.jpg/revision/latest?cb=20121218175429
Vanuatu,Oceania,SE,15,0,Other Indo-European,Other Christian,http://www.sciencekids.co.nz/images/pictures/flags680/Vanuatu.jpg
Vatican-City,Europe,NE,0,0,Other Indo-European,Catholic,https://upload.wikimedia.org/wikipedia/commons/thumb/0/00/Flag_of_the_Vatican_City.svg/170px-Flag_of_the_Vatican_City.svg.png
Venezuela,S.America,NW,912,15,Spanish,Catholic,http://www.sciencekids.co.nz/images/pictures/flags680/Venezuela.jpg
Vietnam,Asia,NE,333,60,Others,Marxist,http://www.sciencekids.co.nz/images/pictures/flags680/Vietnam.jpg
Western-Samoa,Oceania,SW,3,0,English,Other Christian,http://www.flagz.co.nz/wp-content/uploads/2013/08/samoa-flag.png
Yugoslavia,Europe,NE,256,22,Other Indo-European,Marxist,https://upload.wikimedia.org/wikipedia/commons/thumb/7/71/Flag_of_SFR_Yugoslavia.svg/255px-Flag_of_SFR_Yugoslavia.svg.png
Zaire,Africa,SE,905,28,Others,Ethnic,https://upload.wikimedia.org/wikipedia/commons/thumb/5/5c/Flag_of_Zaire.svg/1200px-Flag_of_Zaire.svg.png
Zambia,Africa,SE,753,6,Others,Ethnic,http://www.sciencekids.co.nz/images/pictures/flags680/Zambia.jpg
Zimbabwe,Africa,SE,391,8,Others,Ethnic,http://www.sciencekids.co.nz/images/pictures/flags680/Zimbabwe.jpg
